test,replications,elapsed,relative,user.self,sys.self,x_length,pattern_length
runstats,10,0.00300000000000011,1,0.00299999999999989,0,1000,100
runstats,10,0.0260000000000034,1,0.0220000000000002,0.005,10000,100
runstats,10,0.372,1,0.32,0.05,100000,100
runstats,10,5.76799999999999,1,5.529,0.223,1000000,100
runstats,10,124.837,1,119.587,4.927,10000000,100
