test,replications,elapsed,relative,user.self,sys.self,x_length
dvmisc,10,0.00800000000162981,1.6,0.00600000000008549,0.00100000000000477,1000
runstats,10,0.00499999999738066,1,0.00500000000010914,0.00100000000000477,1000
dvmisc,10,0.0190000000002328,1,0.0190000000000055,0.000999999999990564,10000
runstats,10,0.0349999999962165,1.842,0.0250000000000909,0.00900000000000034,10000
dvmisc,10,0.177999999999884,1,0.176999999999907,0.00100000000000477,100000
runstats,10,0.459000000002561,2.579,0.398000000000138,0.0549999999999926,100000
dvmisc,10,2.18299999999726,1,1.94399999999996,0.0150000000000006,1000000
runstats,10,10.9250000000029,5.005,9.85200000000009,0.609999999999999,1000000
