test,replications,elapsed,relative,user.self,sys.self,x_length
dvmisc,10,0.00100000000384171,1,0.00200000000018008,0,1000
runstats,10,0.0059999999939464,6,0.00500000000010914,0,1000
dvmisc,10,0.148000000001048,3.02,0.147000000000162,0.00100000000000477,10000
runstats,10,0.0489999999990687,1,0.0370000000000346,0.00900000000000034,10000
dvmisc,10,2.07600000000093,4.533,1.87099999999987,0.0109999999999957,100000
runstats,10,0.457999999998719,1,0.399000000000115,0.0549999999999926,100000
dvmisc,10,13.3040000000037,1.476,13.2269999999999,0.0169999999999959,1000000
runstats,10,9.01599999999598,1,8.18500000000017,0.542999999999992,1000000
