test,replications,elapsed,relative,user.self,sys.self,x_length
dvmisc,10,0.000999999996565748,1,0.000999999999976353,0,10000
runstats,10,0.0230000000010477,23,0.0199999999999818,0.00300000000000011,10000
dvmisc,10,13.1200000000026,42.597,13.0329999999999,0.0210000000000008,100000
runstats,10,0.307999999997264,1,0.268000000000029,0.0380000000000109,100000
dvmisc,10,161.869999999995,27.609,156.75,0.341000000000008,1000000
runstats,10,5.86299999999756,1,5.38100000000009,0.417999999999992,1000000
