test,replications,elapsed,relative,user.self,sys.self,x_length
dvmisc,10,0.00200000000040745,1,0.000999999999976353,0,1000
runstats,10,0.00499999999738066,2.5,0.00500000000010914,0,1000
dvmisc,10,0.0509999999994761,1.342,0.0480000000000018,0.00199999999999534,10000
runstats,10,0.0380000000004657,1,0.0309999999999491,0.00600000000000023,10000
dvmisc,10,0.0360000000000582,1,0.0329999999999018,0,100000
runstats,10,0.481999999996333,13.389,0.420999999999822,0.0549999999999926,100000
dvmisc,10,0.476000000002387,1,0.425999999999931,0.0139999999999958,1000000
runstats,10,11.0599999999977,23.235,9.91000000000008,0.602999999999994,1000000
